{"validation_loss": 2.920710802078247, "bleu": 16.37010764468353}