{"validation_loss": 2.398587465286255, "bleu": 21.784161893249106}