{"validation_loss": 2.674569606781006, "bleu": 18.385808896186944}