{"validation_loss": 2.45939302444458, "bleu": 19.60330564983098}