{"validation_loss": 4.050422668457031, "bleu": 8.426915040343337}