{"validation_loss": 2.377593994140625, "bleu": 21.70231142957593}