{"validation_loss": 2.4921445846557617, "bleu": 20.825276806683995}