{"validation_loss": 2.570491075515747, "bleu": 19.975562003544592}