{"validation_loss": 2.8309199810028076, "bleu": 16.942043691251644}