{"validation_loss": 2.4307665824890137, "bleu": 20.644863478585872}