{"validation_loss": 3.3542253971099854, "bleu": 12.277282732045064}