{"validation_loss": 2.7443742752075195, "bleu": 18.191116960470243}