{"validation_loss": 3.5372838973999023, "bleu": 11.071318363905055}