{"validation_loss": 3.759531259536743, "bleu": 9.979982010385209}