{"validation_loss": 3.042543649673462, "bleu": 15.099018629257852}