{"validation_loss": 4.451261520385742, "bleu": 8.137494123510761}