{"validation_loss": 3.1909706592559814, "bleu": 13.849463226033649}