{"validation_loss": 2.5321104526519775, "bleu": 18.653955774747224}