{"validation_loss": 2.6148722171783447, "bleu": 18.807348032928136}