{"validation_loss": 2.4194319248199463, "bleu": 21.73928003821492}